"Dev_MaxLS";"CWM_MaxLS";"Aridity";"Woody";"Grazing";"Lattitude";"Long_cos";"Long_sin";"Elevation";"MAT";"Site_ID"
"\"1\"";-0.020740415835004;7.91706317162837;0.8319;0.0498;3;35.26746;-0.996622057438885;-0.0821247503879507;850;15.5;"\"1\""
"\"2\"";0.297790957083355;9.72549443848789;0.8339;0.0203;2;35.26817;-0.995755596025024;-0.092036910991459;858;15.4;"\"1\""
"\"3\"";0.240493535250207;9.47629802572713;0.8339;0.0254;1;35.26881;-0.995206014429383;-0.0978007609560567;870;15.4;"\"1\""
"\"4\"";0.11314382518311;10.2689266725826;0.8535;1;3;34.93256;-0.995856660935899;0.0909368509989313;863;15.7;"\"2\""
"\"5\"";0.219877639460763;10.8696014570315;0.8538;0.9175;2;34.93281;-0.996601881662024;0.0823692264605693;863;15.6;"\"2\""
"\"6\"";0.119925160360914;11.4753945572798;0.8541;0.9461;1;34.93471;-0.997116983569635;0.0758796486351442;864;15.7;"\"2\""
"\"7\"";0.0959228091745481;9.09187686244342;0.709;0.4646;3;-41.04097;0.196791851687089;-0.980445290217443;1077;8;"\"3\""
"\"8\"";0.0456096868742681;8.82102724730073;0.6982;0.3651;2;-41.03246;0.161563444096943;-0.986862327547026;1073;8.1;"\"3\""
"\"9\"";0.0328305241927579;8.30514438924762;0.709;0.2746;0;-41.03991;0.195369999637053;-0.980729607609466;1076;8;"\"3\""
"\"10\"";0.032137951526386;9.12999187820942;0.4868;0.7822;3;-41.0138;-0.352232392934603;-0.935912571433659;1099;7.6;"\"4\""
"\"11\"";0.0111706630478087;8.55848674608359;0.4852;0.194;2;-41.02781;-0.351015409298109;-0.936369682569486;1069;7.8;"\"4\""
"\"12\"";0.168824853431306;8.61163966035476;0.4977;0.0038;1;-41.00444;-0.364471586249012;-0.931214509561105;1127;7.5;"\"4\""
"\"13\"";0.0406384025183505;6.32840184589608;0.7888;0.0968;3;-51.49186;0.976227679521562;-0.21674758991958;117;7.2;"\"5\""
"\"14\"";0.0189557874228794;6.73677514417716;0.7859;0.1194;2;-51.49207;0.979050474869686;-0.20361769976464;123;7.1;"\"5\""
"\"15\"";0.0342163272104273;6.10423651763775;0.787;0.2007;1;-51.4936;0.981673825332639;-0.190568886906501;130;7.1;"\"5\""
"\"16\"";0.103908322300055;10.1783921680755;0.8181;0.6055;3;-39.11661;0.346670740797027;-0.937986885556104;109;15.2;"\"6\""
"\"17\"";0.169986970586348;10.5607732403291;0.8193;0.5804;2;-39.11783;0.344944259057403;-0.938623171535488;106;15.2;"\"6\""
"\"18\"";0.20727372106621;10.7952721867642;0.8193;0.7724;1;-39.12131;0.338337268819419;-0.941024915997348;103;15.2;"\"6\""
"\"19\"";0.0713202907897971;9.86063044709119;0.8724;0.8336;3;-40.60614;-0.972856894558662;0.231407568393248;190;14.6;"\"7\""
"\"20\"";0.191786328827038;10.4490804488994;0.8724;0.9655;2;-40.60492;-0.974132996498064;0.225975452502487;191;14.6;"\"7\""
"\"21\"";0.049445914470052;11.014036670385;0.8718;0.9558;1;-40.60558;-0.980192678924311;0.198046237488076;187;14.7;"\"7\""
"\"22\"";0;10.5955936612676;0.839;0.9989;3;-27.59989;-0.913754702610225;0.406266345465262;954;19.7;"\"8\""
"\"23\"";0.0938420829956632;11.9699878549388;0.839;0.9871;2;-27.59703;-0.910958612301182;0.412497765659773;957;19.7;"\"8\""
"\"24\"";0.130185293629119;11.2892411701355;0.8395;0.9908;1;-27.59494;-0.906813449405098;0.421532167192525;960;19.7;"\"8\""
"\"25\"";0.147029174704063;11.81598188116;0.7757;0.9741;3;-29.28744;-0.744890431492414;-0.667186814221508;240;20.5;"\"9\""
"\"26\"";0.102018140567712;12.0114186413015;0.7767;0.9172;2;-29.28739;-0.750230480362418;-0.661176395778899;242;20.5;"\"9\""
"\"27\"";0.168768813552175;12.1335547737789;0.7776;0.7811;1;-29.28573;-0.757327293606002;-0.653035504669851;248;20.5;"\"9\""
"\"28\"";0.0070698820702502;5.86245863946185;0.8975;0.6974;3;-45.45081;0.758100024688918;-0.65213829251675;475;10.1;"\"10\""
"\"29\"";0.0236006477079087;7.40746336678814;0.8921;0.9717;2;-45.37281;0.709201328938742;-0.705006010635032;484;10;"\"10\""
"\"30\"";0.0077896310460924;6.91252075625615;0.8899;0.8673;1;-45.07703;0.624182478501977;-0.781278588936833;546;9.7;"\"10\""
"\"31\"";0.003577082826682;6.75355881900359;0.8881;0.6118;0;-45.125;0.635684339804676;-0.77194910462225;533;9.7;"\"10\""
"\"32\"";0.158667592738472;9.30090283654522;0.8759;0.5177;3;-45.38136;0.447532964039754;-0.894267435445232;530;9.6;"\"11\""
"\"33\"";0.126829010285967;8.32574982573493;0.8713;0.1871;2;-45.38406;0.41914618417754;-0.907918760842295;535;9.6;"\"11\""
"\"34\"";0.118343053269083;8.40421603952814;0.8674;0.3324;1;-45.43025;0.380497966220894;-0.924781756795496;542;9.5;"\"11\""
"\"35\"";0.0860717515162486;7.13490325814123;0.8724;0.1848;0;-45.38108;0.426522675123693;-0.904476869580051;533;9.6;"\"11\""
"\"36\"";0.129786799385581;8.77738332925298;0.4992;0.3282;3;-45.55611;-0.70772673425717;-0.706486284097349;668;7.3;"\"12\""
"\"37\"";-0.001371384529073;6.95247519231947;0.5015;0.0209;2;-45.58158;-0.7067652587014;-0.707448138800819;677;7.2;"\"12\""
"\"38\"";0.0306809387827816;7.07948491284886;0.5557;0.1786;1;-45.57636;-0.647352152001382;-0.762191046456976;652;7.5;"\"12\""
"\"39\"";0.008532786439349;7.26121580137996;0.551;0.0877;0;-45.58042;-0.648875238374176;-0.760894818634518;659;7.5;"\"12\""
"\"40\"";0.0814322928331625;8.0741403838006;0.9008;0.464;3;-31.0827;-0.946362492331015;-0.323106844726368;186;19.3;"\"13\""
"\"41\"";0.0277808342999354;6.13537739522354;0.9002;0.6657;2;-31.05004;-0.955129216645145;-0.296189431801393;217;19.2;"\"13\""
"\"42\"";0.148032991598588;7.6195773128043;0.8982;0.6191;1;-31.02409;-0.953105167862397;-0.302639288582948;239;19.1;"\"13\""
"\"43\"";0.219163740097394;8.81590480731013;0.901;0.7871;0;-31.08305;-0.946900760856034;-0.321525969542531;187;19.3;"\"13\""
"\"44\"";0.124715814749992;11.1184420040148;0.8057;0.9763;3;-34.78926;0.970887476973096;0.239536024549162;87;17.1;"\"14\""
"\"45\"";0.0542012216384475;7.64603477200546;0.8074;0.4802;2;-34.71686;0.967058191734629;0.25455540418335;88;17.1;"\"14\""
"\"46\"";0.102701105554593;8.03508209685286;0.8069;0.8531;1;-34.69379;0.959205502352357;0.282709752673944;89;17.1;"\"14\""
"\"47\"";0.0458539563575819;10.1114515366877;0.8058;0.9992;0;-34.78923;0.964482820165694;0.26414558411079;87;17.1;"\"14\""
"\"48\"";0.051563530928076;9.48859460972546;0.7601;0.4327;3;-31.48905;-0.91083876633489;0.412762330817063;168;19;"\"15\""
"\"49\"";0.121769104339406;8.7737962855601;0.761;0.8562;2;-31.51075;-0.905064603934889;0.425274103025547;170;19;"\"15\""
"\"50\"";0.0951177572611198;10.255107120085;0.7601;0.962;1;-31.49073;-0.911604928259098;0.411067457692439;169;19;"\"15\""
"\"51\"";0.014760598715354;7.38922553956117;0.9239;0.0045;3;-23.43513;0.93555706419711;0.353175564883648;128;24.1;"\"16\""
"\"52\"";0.023196028160659;9.95148358972171;0.9232;0.0035;2;-23.41908;0.937707913532121;0.347424623334669;134;24.1;"\"16\""
"\"53\"";0.125582207181062;9.81811883026277;0.9233;0;1;-23.41018;0.940847551126223;0.338830172121357;134;24.1;"\"16\""
"\"54\"";-0.039248558789893;11.4456651145302;0.9214;4e-04;0;-23.35654;0.950928508971826;0.309410683113268;154;24;"\"16\""
"\"55\"";-0.025417385534904;10.0024214683981;0.9255;0;3;-23.43435;0.997742040288981;0.0671626461657224;168;23.8;"\"17\""
"\"56\"";0.0512792191618696;10.3958687859448;0.9255;0.0498;2;-23.41146;0.998387129591418;0.0567727000080911;175;23.8;"\"17\""
"\"57\"";-0.026008743002754;10.9973415359456;0.9251;0;1;-23.38997;0.998939276441435;0.0460469541084108;176;23.8;"\"17\""
"\"58\"";0.076448274213522;10.5428657294803;0.9235;0.0627;0;-23.36312;0.9993965142749;0.0347362527509849;193;23.7;"\"17\""
"\"59\"";-0.106481932476862;10.1416745619022;0.9303;0;3;-23.58481;0.988333056394565;0.152308140418616;138;23.9;"\"18\""
"\"60\"";-0.011131154785939;10.6012855392967;0.9314;0;2;-23.62158;0.985049840686574;0.172269589200634;129;24;"\"18\""
"\"61\"";0.060321070307855;10.1446193608851;0.9317;0;1;-23.65176;0.982336370267847;0.187123637333695;126;24;"\"18\""
"\"62\"";0.00945966362731209;9.83267257467916;0.9327;0;0;-23.68172;0.97898901495672;0.203912992705396;121;24;"\"18\""
"\"63\"";0.193855886669488;11.990663196725;0.8852;0.9611;3;-25.72055;-0.953822498072558;-0.300370841079197;1006;21.7;"\"19\""
"\"64\"";0.113158799032432;12.7518199728938;0.8855;0.9968;2;-25.69008;-0.957712814432269;-0.287725850545659;1008;21.7;"\"19\""
"\"65\"";-0.080738024172336;11.5645521140746;0.886;0.424;1;-25.60113;-0.962283475474006;-0.272048732453706;1006;21.7;"\"19\""
"\"66\"";0.204518157208223;11.1258664748934;0.8862;0.619;0;-25.55868;-0.968255543389554;-0.249962402563665;1006;21.7;"\"19\""
"\"67\"";0.098505301039371;12.3431689882201;0.876;0.7615;3;-24.25235;-0.991454141728875;0.13045568154994;1115;21.3;"\"20\""
"\"68\"";0.056587112124393;11.7500362797243;0.8756;0.6449;2;-24.264;-0.991631935526697;0.129097267374554;1114;21.3;"\"20\""
"\"69\"";0.123863375619088;10.9538480049992;0.8759;0.4295;1;-24.29197;-0.991291614495362;0.131684984076316;1113;21.3;"\"20\""
"\"70\"";0.12990444077608;10.4874909487171;0.8768;0.346;0;-24.35892;-0.991707930316495;0.128512182097159;1113;21.3;"\"20\""
"\"71\"";0.0802609471028968;10.6279958344515;0.5143;0.9548;3;-10.85045;0.79362800522916;0.608403311394657;450;25.1;"\"21\""
"\"72\"";0.187106224133481;11.5830494953572;0.5115;0.9782047;2;-10.86147;0.803451020470348;0.59537085728574;448;25.1;"\"21\""
"\"73\"";0.0960272690733072;12.0553102936063;0.5042;0.9345238;1;-10.84101;0.809335091251646;0.587347180182803;462;25;"\"21\""
"\"74\"";0.248057050933508;13.420257751424;0.7302;0.8685;3;-9.62727;-0.8777524615005;0.479114408393041;444;25.8;"\"22\""
"\"75\"";0.126242526385226;12.3507436230027;0.7273;0.9298;2;-9.64365;-0.87818809211858;0.478315455386012;409;25.9;"\"22\""
"\"76\"";0.100840438707064;13.0088950461034;0.7243;0.9704;1;-9.62211;-0.871812700395526;0.489839377172825;413;26;"\"22\""
"\"77\"";0.00293527086026799;8.29834725069463;0.6651;0.1656;3;50.74388;0.500275706410089;-0.865866166087974;717;7;"\"24\""
"\"78\"";0.102732852940086;7.92202287544364;0.6809;0.2321;2;50.74152;0.498794344559756;-0.866720371189696;757;7.4;"\"24\""
"\"79\"";0.131871704665955;9.2374183028431;0.6809;0.3001;1;50.73844;0.496113801607431;-0.868257505498584;692;7.4;"\"24\""
"\"80\"";0.0437379730164044;6.22541641774254;0.4814;0.1014;3;-45.25074;-0.677953649335902;-0.735104651972855;797;6.8;"\"25\""
"\"81\"";0.0290698118623614;7.03887208290854;0.4882;0.1562;2;-45.24508;-0.670984157265621;-0.741471685702525;821;6.7;"\"25\""
"\"82\"";0.10427771189058;7.34560469824682;0.5006;0.2207;1;-45.23937;-0.658749382164761;-0.75236244689481;845;6.7;"\"25\""
"\"83\"";0.00640088302043401;13.5838148743729;0.7777;0.9555;3;-32.94466;-0.388501965121216;-0.921447894944122;518;14.5;"\"26\""
"\"84\"";0.228241990575083;12.0030037190739;0.7699;0.9466;2;-32.94347;-0.396411952621897;-0.918072744295622;567;14.2;"\"26\""
"\"85\"";0.130917838551136;12.6494353731669;0.7804;0.8027;1;-32.93238;-0.389773192881119;-0.920910884999878;426;14.8;"\"26\""
"\"86\"";0.124983358879125;10.2924214641937;0.9441;0.639;3;-30.05633;-0.391577428383934;-0.920145161145906;574;14;"\"27\""
"\"87\"";0.228815159651606;10.6971074527202;0.9441;0.247;2;-30.05624;-0.392607745151624;-0.919706017402821;599;14;"\"27\""
"\"88\"";0.111537634084632;9.8419883440698;0.9441;0.1665;1;-30.05416;-0.38838217361237;-0.92149839241321;622;14;"\"27\""
"\"89\"";0.197517790210029;9.50922435267382;0.9427;0.5248;0;-30.05385;-0.398173920541654;-0.917309941623053;647;13.8;"\"27\""
"\"90\"";0.034024528679542;3.62164820828098;0.808;0.3762;3;39.09774;0.508237086589539;0.86121719897769;1462;7.2;"\"28\""
"\"91\"";0.0455947622539541;9.66835906740358;0.8118;0.0033;2;39.10053;0.514338867267266;0.857587039091791;1449;7.2;"\"28\""
"\"92\"";0.022229588457645;8.6647120720013;0.8099;0.2233;1;39.09876;0.512313531403523;0.858798489484495;1454;7.2;"\"28\""
"\"93\"";0.135196644741043;8.22573618951036;0.8136;0.1383;0;39.08804;0.441506108353653;0.897258243922235;1443;7.3;"\"28\""
"\"94\"";0.0632353494846592;9.04932176053617;0.7722;0.3577;3;38.56683;-0.478471719468207;0.878102963022638;1286;7.6;"\"29\""
"\"95\"";0.0781226574669641;7.44414413617579;0.7722;0.1426;2;38.56807;-0.478752687913829;0.877949807116149;1287;7.6;"\"29\""
"\"96\"";0;8.81914317488591;0.7722;0.0018;1;38.56961;-0.478664890539497;0.877997677995113;1287;7.6;"\"29\""
"\"97\"";0.131203918815826;10.2825083264047;0.7483;1;3;38.56636;-0.936913476869422;0.349561349208476;1184;7.9;"\"30\""
"\"98\"";0.115553226827828;10.8177343157407;0.7483;0.9732183;2;38.56655;-0.936833052978451;0.34977683006036;1183;7.9;"\"30\""
"\"99\"";0.0734222310867192;10.800430473869;0.7477;0.972211;1;38.56694;-0.936022569703279;0.351939979266451;1182;7.9;"\"30\""
"\"100\"";0.0648724193533295;10.3035518653291;0.7472;0.8684;0;38.58506;-0.944803210399497;0.327638357978434;1198;7.8;"\"30\""
"\"101\"";0.0053849313103296;4.82181956042729;0.6775;0.1527;3;49.26454;0.981816624833364;-0.189831807663575;626;-1.2;"\"31\""
"\"102\"";0.0392647203798276;6.7344335870223;0.6726;0.1232;2;49.26278;0.982710949555576;-0.185146400514777;634;-1.2;"\"31\""
"\"103\"";0.00534753432760529;5.95573639394107;0.6731;0.0136;1;49.29804;0.981683502033787;-0.190519032736049;590;-1.1;"\"31\""
"\"104\"";0.0064268425812876;5.2046846682843;0.694;0.0156;3;49.52535;0.682059727031606;-0.731296471180855;682;-0.9;"\"32\""
"\"105\"";0.000304640914799799;5.19669621342662;0.6784;0.0729;2;49.54666;0.67784352022454;-0.735206203788844;748;-1.1;"\"32\""
"\"106\"";0.0060886985406194;6.80962790566812;0.6784;0.12;1;49.54646;0.678842773483866;-0.734283656966933;751;-1.1;"\"32\""
"\"107\"";-0.0102850674164856;4.65550571133408;0.727;0.5207;3;49.56109;-0.415656516021419;-0.909521665871097;682;-0.5;"\"33\""
"\"108\"";0.009540516099277;4.8868468433594;0.727;0.1431;2;49.56143;-0.417165748601947;-0.908830423232727;683;-0.5;"\"33\""
"\"109\"";0.030708009145707;5.22454726535349;0.7339;0.0927;1;49.50364;-0.531190018711746;-0.84725271555836;757;-0.6;"\"33\""
"\"110\"";0.084044377591714;6.66687381010129;0.942;0.602;3;43.98449;-0.991278654664497;0.131782505692318;1155;5.1;"\"34\""
"\"111\"";0.00111369590633098;7.13698114035291;0.9418;0.1371;2;43.97099;-0.991256237314661;0.131951021158539;1164;5;"\"34\""
"\"112\"";0.054244973143639;7.54645973934056;0.9412;0.1267;1;43.96438;-0.958341913864744;0.285623486656926;1114;5.1;"\"34\""
"\"113\"";0.0886660550312406;10.2991275586901;0.7406;0.2352941;3;-0.89437;0.413220079651165;0.910631190863285;78;24.8;"\"35\""
"\"114\"";0.0683943781702094;11.5483433544103;0.774;0.6682221;1;-0.8994;0.426724026148197;0.904381891408642;158;24.8;"\"35\""
"\"115\"";0.10365627528154;11.7769728109693;0.7435;0.4868282;0;-0.90503;0.430013142005222;0.902822628040966;172;24.5;"\"35\""
"\"116\"";NA;11.1954849703542;0.7874;1;3;-4.37532;0.245918649603101;0.969290471312592;179;24.8;"\"36\""
"\"117\"";0.073905968659716;10.7148886764899;0.7972;0.7638;2;-4.36613;0.249658269488837;0.968334006671169;212;24.6;"\"36\""
"\"118\"";0.0571938548127525;10.9909698934929;0.7988;0.8113;0;-4.35728;0.251246000807543;0.967923265077463;205;24.5;"\"36\""
"\"119\"";0.118693461282428;10.3941028113141;0.6247;1;3;-3.40324;-0.704680445264951;0.709524819904978;1824;19.4;"\"38\""
"\"120\"";0.055857775570386;9.25086078509104;0.4602;1;2;-3.4077;-0.714544410701762;0.699590083645325;1376;21.8;"\"38\""
"\"121\"";0.023369478355985;10.2476473769022;0.636;1;1;-3.415;-0.703707735258488;0.710489565959536;1653;19.9;"\"38\""
"\"122\"";0.006031532011457;4.91235296216826;0.4818;0.0542;3;47.64005;-0.661807875095536;0.749673486567007;88;10.2;"\"39\""
"\"123\"";0.0345583415641428;4.4199575200383;0.4816;0.0315;2;47.62921;-0.660607550914906;0.750731419133507;87;10.2;"\"39\""
"\"124\"";0.100446086266091;5.61781543824662;0.4819;0.0836;1;47.60451;-0.648062581179001;0.761587086862436;87;10.2;"\"39\""
"\"125\"";0.0515263874005982;4.82083973497397;0.4988;0.0181;3;47.47921;-0.476217198775032;0.879327686127795;87;10.4;"\"40\""
"\"126\"";0.0275059592575519;5.39441741018566;0.5043;0.0028;2;47.45608;-0.45535218718874;0.890311398120023;83;10.5;"\"40\""
"\"127\"";0.0515202074584211;5.07276619311436;0.4996;0.0406;1;47.48124;-0.47515286391969;0.879903265085951;84;10.4;"\"40\""
"\"128\"";0.022568127349613;6.85731400028086;0.8281;0.8582;3;37.4932;0.908189733742583;-0.418558726494354;1077;13.9;"\"41\""
"\"129\"";0.0550518494000767;7.34055774376773;0.8284;0.8875;2;37.49119;0.907493675272176;-0.420065744069899;1082;13.8;"\"41\""
"\"130\"";0.0597783872289658;7.99648128213202;0.8284;0.7162;1;37.48745;0.904756874685038;-0.425928395050345;1100;13.8;"\"41\""
"\"131\"";0.055191375684884;9.272240737907;0.8164;0.5226;3;37.51213;0.783301150792136;-0.621642427097536;1239;12.2;"\"42\""
"\"132\"";0.149920056025426;10.4784079531884;0.8164;0.2612;2;37.51093;0.783804424141092;-0.621007749304992;1239;12.2;"\"42\""
"\"133\"";0.102630364176806;8.3967504117533;0.8164;0.1283;1;37.50846;0.784499461072818;-0.620129499037466;1262;12.2;"\"42\""
"\"134\"";0.0609125923517963;7.7770812657914;0.7578;0.4654;3;36.69489;-0.516189505616676;0.856474397919291;2144;7.9;"\"43\""
"\"135\"";0.0910606963652407;7.77923752790699;0.7578;0.328;2;36.69303;-0.51956854377292;0.854428773112005;2214;7.9;"\"43\""
"\"136\"";0.0638881024415987;7.39713928187729;0.7578;0.0626;1;36.69568;-0.519662527794383;0.854371615403012;2136;7.9;"\"43\""
"\"137\"";0.0791659254673309;7.61533094006275;0.7592;0.1826;0;36.69578;-0.520755697455991;0.853705747647938;2137;8;"\"43\""
"\"138\"";0.25119934495977;9.4401605977243;0.7934;0.5582;3;37.41242;0.978846241982647;0.204597249630705;1475;10.8;"\"44\""
"\"139\"";0.234698377892452;9.43799193125566;0.7912;0.6706;2;37.41519;0.976042957759288;0.217577904688183;1617;10.3;"\"44\""
"\"140\"";0.15127804937646;9.86536779700981;0.7912;0.4965;0;37.41547;0.974844897518903;0.222884332740906;1513;10.3;"\"44\""
"\"141\"";0.0783628567775145;4.79096853999669;0.8896;0.0048;3;36.61167;-0.769090385202801;-0.639140031126674;617;17;"\"45\""
"\"142\"";0.115000218637849;7.21375286783601;0.8829;0.2901;2;36.60317;-0.771519920740265;-0.636205164943617;695;16.5;"\"45\""
"\"143\"";0.21897963970176;8.86274360050041;0.877;0.3712;1;36.59978;-0.769020075146523;-0.639224627202079;723;16.1;"\"45\""
"\"144\"";0.122592862505059;8.22288219459161;0.877;0.2423;0;36.59817;-0.767098943553683;-0.641528807458264;784;16.1;"\"45\""
"\"145\"";0.129571148864134;12.8231856984077;0.7935;0.9421;3;31.65;-0.946533534398623;-0.322605437429147;240;18.8;"\"46\""
"\"146\"";0.163746910259647;12.3764430910845;0.7926;0.9115;2;31.655;-0.944908682287886;-0.327334052822145;236;18.9;"\"46\""
"\"147\"";0.116360820322664;11.2732359930121;0.7853;0.4978;1;31.674;-0.947497089861476;-0.31976438936197;201;19;"\"46\""
"\"148\"";0.315791992846202;12.8990248953782;0.7995;0.6824;0;31.632;-0.947497089861476;-0.31976438936197;240;18.9;"\"46\""
"\"149\"";0.0963132656112725;9.28799972054225;0.6724;0.0272;3;32.575;-0.851749586891526;-0.523949082669409;248;18.8;"\"47\""
"\"150\"";0.080915064893274;9.69197858401239;0.6724;0.2305;2;32.572;-0.850173909131021;-0.526501969828109;249;18.8;"\"47\""
"\"151\"";0.106290049667548;10.0175103337255;0.678;0.1502;1;32.564;-0.861550284336475;-0.507672244228242;207;19;"\"47\""
"\"152\"";0.228677772482545;10.8829863614885;0.678;0.0627;0;32.563;-0.862563905048042;-0.50594812946415;197;19;"\"47\""
"\"153\"";0.022104192604766;8.25082579420386;0.89;0.4431;3;31.277;-0.996088126208875;-0.0883654051407676;173;19.8;"\"48\""
"\"154\"";0.014723308508011;8.01548185624014;0.8921;0.2596;2;31.275;-0.995349335858199;-0.0963311974733097;185;19.8;"\"48\""
"\"155\"";0.045832273515316;8.8398040832445;0.8921;0.5329;1;31.271;-0.995055863630618;-0.0993168075117438;189;19.8;"\"48\""
"\"156\"";0.133534538172402;9.41594695269334;0.8921;0.9443;0;31.27;-0.995726696836491;-0.0923490400983709;193;19.8;"\"48\""
"\"157\"";0.0069936100199609;5.36637486252155;0.7762;4e-04;3;50.57947;0.598593952818873;0.801052607291604;333;2.9;"\"49\""
"\"158\"";0.0341409435335141;6.23725603220915;0.7793;0.0114;2;50.57119;0.57878232846223;0.815482075989313;335;2.9;"\"49\""
"\"159\"";0.0641780162051335;6.53630077074381;0.7868;0.0197;1;50.55292;0.565421920634006;0.824801825693028;337;2.9;"\"49\""
"\"160\"";-0.0011321721283086;7.47897898080924;0.861;0.812;3;48.40537;0.900781054876464;0.434273521154174;379;4.4;"\"50\""
"\"161\"";0.0272868748471866;6.94775711075483;0.8594;0.6506;2;48.41341;0.89684943504564;0.442335947960728;379;4.4;"\"50\""
"\"162\"";0.0013651646217231;7.02289495990105;0.8601;0.4118;1;48.42521;0.890277759117157;0.455417952677904;379;4.4;"\"50\""
"\"163\"";0.058517400158705;8.12852478557021;0.8709;0.9984;3;47.66534;0.294811215838653;-0.955555517495313;334;5.5;"\"51\""
"\"164\"";0.111914662031936;9.18852115290348;0.878;0.9942;2;47.65938;0.28057003566297;-0.959833555929401;343;5.5;"\"51\""
"\"165\"";0.092749774729411;8.66588739512448;0.8802;0.9688;1;47.6537;0.25310454359322;-0.967438933479766;359;5.5;"\"51\""
"\"166\"";0.118300844528256;11.2344222009421;0.7779;0.9352;3;0.68808;0.997426940704264;-0.0716902919322667;895;23.8;"\"52\""
"\"167\"";0.102460379462443;10.4288975654664;0.7761;0.8376;2;0.68808;0.996093335158356;-0.0883066682255795;896;23.6;"\"52\""
"\"168\"";0.181664295859297;11.6922867683036;0.7704;0.7994;1;0.68861;0.995714587556822;-0.0924795119285759;899;23.5;"\"52\""
"\"169\"";0.0450071535292901;6.69095148642914;0.5573;0.0757;3;0.24289;0.407773677938952;-0.913083034329376;1866;17.1;"\"53\""
"\"170\"";0.0477974185459811;7.52400121280731;0.5391;0.1172;2;0.21658;0.438783537613978;-0.898592792714788;1855;17.2;"\"53\""
"\"171\"";0.07356443687449;9.46328079207073;0.5503;0.2754;1;0.21792;0.443387524722863;-0.896330018977459;1853;17.2;"\"53\""
"\"172\"";0.243186205371112;12.3191997435798;0.8875;0.8341;3;26.59771;-0.981467283144706;0.191629778783334;1129;20.2;"\"54\""
"\"173\"";0.161197723421999;11.3815368671306;0.8881;0.2951;2;26.59797;-0.98379667590376;0.179287758870236;1127;20.2;"\"54\""
"\"174\"";0.178870212552341;10.3824838478089;0.889;0.1653;1;26.59927;-0.986050880027735;0.166444170809702;1124;20.2;"\"54\""
"\"175\"";0.174794812116774;9.68215319463391;0.9143;5e-04;3;44.81247;-0.998188098517343;-0.0601707568369544;950;3.8;"\"55\""
"\"176\"";0.186630289144602;9.04723695691204;0.9144;0.4216;2;44.81197;-0.998075694654898;-0.06200732004483;953;3.8;"\"55\""
"\"177\"";0.0797623784166194;7.53276721266782;0.9144;0.5465;1;44.81171;-0.997902695604585;-0.0647318322396605;948;3.8;"\"55\""
"\"178\"";0.0147607910666102;6.86455683421567;0.9142;0.2228;0;44.81085;-0.99754420239418;-0.0700397335072028;955;3.8;"\"55\""
"\"179\"";0.0864430616901905;8.67682415182979;0.918;0.9734;3;44.87133;-0.974472468958199;-0.224507031610396;896;3.9;"\"56\""
"\"180\"";0.129084737277614;9.23579470705755;0.918;0.9647;2;44.86871;-0.975637696041817;-0.219387980669442;894;3.9;"\"56\""
"\"181\"";0.0968582869531635;10.0670830661502;0.918;0.9997;1;44.86707;-0.975954782863369;-0.217973075874327;893;3.9;"\"56\""
"\"182\"";0.11086165640334;9.35751280478051;0.9196;0.673;0;44.86254;-0.977412311003934;-0.21134136911156;892;3.9;"\"56\""
"\"183\"";0.159600260616772;9.28829831474259;0.9182;0.9295;3;44.85478;-0.958121650947348;-0.286361488307924;903;3.7;"\"57\""
"\"184\"";0.217282360869587;8.92255356659196;0.9182;0.6742;2;44.85377;-0.959248127046827;-0.282565091186356;901;3.7;"\"57\""
"\"185\"";0.0670048333243078;9.00020062254564;0.9183;0.9994;1;44.85123;-0.96054889826964;-0.278111154096667;901;3.7;"\"57\""
"\"186\"";0.136254132686585;10.0582488047371;0.9183;0.9418;0;44.85214;-0.961560349263876;-0.274593690247124;900;3.7;"\"57\""
"\"187\"";0.043495198809125;11.2773344967158;0.8974;0.316;3;-23.25335;0.928610500403976;-0.371055977636094;1334;19.8;"\"58\""
"\"188\"";0.135186202622625;11.5562524831939;0.8975;0.1248;2;-23.2529;0.927560431595286;-0.373673180384633;1335;19.9;"\"58\""
"\"189\"";0.0244685592102007;9.09806136047283;0.8975;0.0565;1;-23.25237;0.926408885654785;-0.376519025521764;1335;19.9;"\"58\""
"\"190\"";0.116289245452478;11.9296680782497;0.8454;0.6237;3;-21.9806;0.958468315561818;0.285199032368783;1523;19.2;"\"59\""
"\"191\"";0.119219740520502;12.0999615956142;0.8459;0.5895;2;-21.98445;0.957458479144224;0.288571067009203;1523;19.2;"\"59\""
"\"192\"";0.105993591219484;11.3198760254137;0.8459;0.2448;1;-21.9896;0.957111504576899;0.289719809137286;1524;19.2;"\"59\""
"\"193\"";0.0752816531510207;11.9577954261574;0.8049;0.9549;3;-19.06835;0.997910006896258;0.0646190230219386;1206;22.3;"\"60\""
"\"194\"";0.124077232408646;10.8613418064963;0.8052;0.9;2;-19.07036;0.997747353998654;0.0670836611156854;1207;22.3;"\"60\""
"\"195\"";0.0730794548773542;11.4124163624238;0.8052;0.9052;1;-19.07367;0.997500801247091;0.0706551591280545;1218;22.3;"\"60\""
"\"196\"";NA;8.56915293034695;0.9644;0;3;-24.05694;-0.99635335521968;-0.085322866468997;873;19.6;"\"61\""
"\"197\"";NA;8.97891260107428;0.9645;0;2;-24.05342;-0.996593303401938;-0.0824729508045702;870;19.6;"\"61\""
"\"198\"";NA;8.94906218418052;0.9644;0;1;-24.04877;-0.996987006739134;-0.0775687333488315;866;19.7;"\"61\""
"\"199\"";0;0;0.9478;0;3;-22.95753;-0.99083482157086;0.135079074480995;1041;20;"\"62\""
"\"200\"";0.0515339326359218;6.39875814659623;0.949;0;2;-22.95814;-0.989321126243533;0.145752218398995;1027;20;"\"62\""
"\"201\"";0.135984304449476;5.91950291798173;0.9506;0;1;-22.95741;-0.987065344571828;0.160318450420715;1006;20.1;"\"62\""
"\"202\"";NA;NA;0.9895;0;3;-23.58464;-0.806000058232808;0.591915455220347;425;21.5;"\"63\""
"\"203\"";NA;0;0.9883;0;2;-23.57521;-0.807152760231866;0.590342630723955;449;21.3;"\"63\""
"\"204\"";NA;4.61512051684126;0.9879;0;1;-23.5674;-0.809214011415303;0.587513985985996;458;21.2;"\"63\""
"\"205\"";0;0;0.9659;0.9227;3;-24.34024;-0.997967590763016;-0.0637235261631122;880;19;"\"64\""
"\"206\"";0;0;0.9663;0.0198;2;-24.33415;-0.998280187078165;-0.0586231019921575;874;19;"\"64\""
"\"207\"";0;7.88022068857053;0.9658;0;1;-24.32231;-0.998720764104023;-0.0505651594230312;875;19;"\"64\""
"\"208\"";0.170938761562847;13.1038133440937;0.9134;0.8344;3;-25.13081;0.42752415995237;0.904003922921256;1041;19.9;"\"65\""
"\"209\"";0.103769901529071;11.687420586227;0.9135;0.4927;2;-25.12885;0.422563823904831;0.906333169826045;1039;19.9;"\"65\""
"\"210\"";0.0869843908887725;8.54026731175244;0.9135;0.0851;1;-25.12635;0.417781602310951;0.908547485148957;1042;19.9;"\"65\""
"\"211\"";0.219528723723077;11.0019425864663;0.8498;0.9271;3;13.522;-0.905137765380705;0.425118366671711;228;29.2;"\"66\""
"\"212\"";0.448763316165726;11.4295693190709;0.8498;0.9522;2;13.52344;-0.907554621888633;0.419934052308907;240;29.2;"\"66\""
"\"213\"";0.311720166794816;9.66907743207556;0.8121;0.9699;3;13.19106;-0.51431067326419;0.857603947849201;257;28.9;"\"67\""
"\"214\"";0.352501665184572;10.7243053236974;0.8123;0.9605;2;13.19061;-0.51142622624318;0.859327187461598;259;28.9;"\"67\""
"\"215\"";0.042486347269151;8.51557665050966;0.7794;0.8784;3;12.80572;-0.548052102859542;0.836444195718539;219;29;"\"68\""
"\"216\"";0.193208628860472;11.5874737549023;0.7787;1;2;12.80514;-0.568543001742896;0.822653545041397;243;28.9;"\"68\""
"\"217\"";0.18640276695405;9.40706954359508;0.8314;0.7632;3;31.55473;-0.790586086781031;-0.612350911968175;680;17.4;"\"69\""
"\"218\"";0.055193010071947;10.0759913965237;0.8314;0.7787;2;31.55507;-0.791057362567417;-0.611741979210093;681;17.4;"\"69\""
"\"219\"";0.0239884042620782;9.80740482809061;0.8314;0.8148;1;31.55444;-0.791051245108075;-0.611749889753128;671;17.4;"\"69\""
"\"220\"";0.0497483274734458;9.75838517566256;0.9329;0.0453;3;-5.14567;0.344951706898935;0.938620434418253;181;23.4;"\"70\""
"\"221\"";0.211995761765045;12.0253077967466;0.9445;0.5167;2;-5.13709;0.346575003237636;0.938022263664798;180;23.4;"\"70\""
"\"222\"";0.122972451479687;11.3888002578941;0.9487;0.439;1;-5.12992;0.346968942008883;0.937876619434154;175;23.4;"\"70\""
"\"223\"";-0.0494104947062728;11.4527372516303;0.9808;0.1351;3;-5.12102;0.746021395968815;0.665921974976603;84;23;"\"71\""
"\"224\"";-0.0179150870528385;9.4941828234905;0.9807;0.175;2;-5.12812;0.747311879927292;0.664473441244672;84;23;"\"71\""
"\"225\"";0.0843700025079994;10.591422187341;0.9813;0.3264;1;-5.13616;0.748427140177187;0.663217020172279;83;23;"\"71\""
"\"226\"";NA;13.9948911276254;0.6554;1;3;38.07486;0.75608583570423;-0.654472466225613;355;15.9;"\"72\""
"\"227\"";0.421220652641973;13.8003448297698;0.6496;0.9231;2;38.07808;0.756550320544783;-0.653935480367586;363;15.8;"\"72\""
"\"228\"";0.0991772384041005;10.8942996517744;0.6522;0.9996;1;38.08376;0.749629182704421;-0.661858057621045;371;15.9;"\"72\""
"\"229\"";0.260035242169836;14.8705737543892;0.5639;1;3;38.70364;-0.449716911438958;-0.893171147969864;167;16.2;"\"73\""
"\"230\"";0.114949993738167;14.3012335836659;0.5639;1;2;38.70527;-0.44903797155361;-0.89351267484184;174;16.2;"\"73\""
"\"231\"";-0.002776077195946;11.831007975427;0.5639;0.9937;1;38.7083;-0.448430279163967;-0.893817814058842;181;16.2;"\"73\""
"\"232\"";0.418789588841889;13.9553204792477;0.6467;0.8708;3;37.58968;-0.218032844564605;-0.975941431998389;269;16.3;"\"74\""
"\"233\"";0.295154963292533;12.5936615113063;0.6467;0.4027;2;37.585;-0.212632582141097;-0.977132224937858;275;16.3;"\"74\""
"\"234\"";0.326709138226289;14.0822700847645;0.6461;1;1;37.58949;-0.204524942328884;-0.978861352779527;272;16.3;"\"74\""
"\"235\"";NA;14.0061317440189;0.5214;1;3;38.85531;-0.837809369818505;-0.545962874053099;12;16.6;"\"75\""
"\"236\"";NA;14.7555182070807;0.5247;1;2;38.84673;-0.841507921162617;-0.540244776578702;18;16.6;"\"75\""
"\"237\"";0.3172067883816;13.9862709409861;0.5247;0.8918;1;38.8468;-0.842872045786625;-0.538114034783957;16;16.6;"\"75\""
"\"238\"";0.372618910892221;14.0167115003805;0.6032;0.9263;3;38.10917;-0.61629424649059;-0.787515969198464;126;16.5;"\"76\""
"\"239\"";0.064038040534439;11.5755235704658;0.6012;0.4715;2;38.10661;-0.61575859318558;-0.787934867180096;138;16.5;"\"76\""
"\"240\"";0.179845130911117;13.1294026331231;0.608;0.9709;1;38.10872;-0.611194069285623;-0.791480770246555;106;16.5;"\"76\""
"\"241\"";0.13591607916172;7.97692107869478;0.8802;0.5008;3;-33.09214;-0.968529916182379;-0.248897170453489;892;15.8;"\"77\""
"\"242\"";0.110767446520392;7.94216164563285;0.8796;0.7303;2;-33.08915;-0.96774864424547;-0.251917767458064;898;15.7;"\"77\""
"\"243\"";0.0744961281372334;8.37750329451014;0.8812;0.58;0;-33.16652;-0.962090078346653;-0.272731885094009;747;16.4;"\"77\""
"\"244\"";0.0539145153133726;6.9793025952633;0.8506;0.5933;3;-32.58716;0.933543837353949;-0.358463252982037;653;18.3;"\"78\""
"\"245\"";0.0534121851166267;7.45200533259328;0.8506;0.4402;2;-32.59074;0.932482310211741;-0.361215643545755;651;18.3;"\"78\""
"\"246\"";0.051964185555747;6.88375902984047;0.854;0.1838;0;-32.62215;0.902786548800266;-0.4300888830292;597;18.6;"\"78\""
"\"247\"";0.0809031666433516;11.2850478641351;0.7717;0.181;3;-24.15138;-0.545170467724563;0.838325212027517;965;20.5;"\"79\""
"\"248\"";0.099757602262385;11.9623765823784;0.7721;0.5081;2;-24.14875;-0.543467545416866;0.839430179990311;964;20.5;"\"79\""
"\"249\"";0.137876685142329;13.0422458198441;0.7721;0.5443;1;-24.14367;-0.542972187048883;0.839750679720685;964;20.5;"\"79\""
"\"250\"";0.199588648972644;11.3523976997231;0.7729;0.4132;0;-24.13912;-0.549889926049385;0.835237133531192;964;20.5;"\"79\""
"\"251\"";0.114166695568038;8.34093218338837;0.597;0.1766;3;-23.84714;-0.146807682663418;-0.98916505412949;1244;18.3;"\"80\""
"\"252\"";0.0924938982805697;9.19792125870758;0.597;0.1615;2;-23.84849;-0.149547103139445;-0.988754602488707;1250;18.3;"\"80\""
"\"253\"";0.0887185465453073;7.14601343323316;0.597;0.016;1;-23.84961;-0.151840609298446;-0.988404992585467;1250;18.3;"\"80\""
"\"254\"";0.071402587843359;7.59914735900023;0.6033;0.0726;0;-23.82898;-0.157422644235318;-0.987531321570086;1223;18.4;"\"80\""
"\"255\"";0.0338574257317311;6.73050250053339;0.7081;0.082;3;-26.08351;0.470350185166869;0.88247986000446;1514;16.7;"\"81\""
"\"256\"";0.0524239351113343;7.48672880104303;0.7079;0.0134;2;-26.08095;0.470800188706923;0.88223986665392;1516;16.8;"\"81\""
"\"257\"";0.0654100387447243;6.18551147932529;0.7079;0.0607;1;-26.07894;0.473515250102296;0.880785619728524;1514;16.8;"\"81\""
"\"258\"";0.044846386405518;6.04937476160832;0.7082;0.0435;0;-26.07565;0.475574990182098;0.879675183640699;1518;16.8;"\"81\""
"\"259\"";0.170732250386146;10.217436095843;0.7105;0.3968;3;-23.85603;0.984603279481561;-0.174803838728315;365;22.5;"\"82\""
"\"260\"";0.12112679678086;9.58409442092822;0.7071;0.3096;2;-23.84789;0.982114260344571;-0.18828589864309;399;22.3;"\"82\""
"\"261\"";0.125379602276166;9.96726598803454;0.7129;0.4476;1;-23.83262;0.979365933784856;-0.202094947343364;388;22.4;"\"82\""
"\"262\"";0.181295424923248;10.6753686439716;0.727;0.2533;3;-23.14474;-0.279631435274871;-0.960107421284783;894;20;"\"83\""
"\"263\"";0.0872352159311605;8.44325855529395;0.727;0.1598;2;-23.14224;-0.277287943085037;-0.960786863263476;892;20;"\"83\""
"\"264\"";0.125092257420717;8.67921115413055;0.7281;0.1267;1;-23.13721;-0.278642376475321;-0.960394932323253;894;20;"\"83\""
"\"265\"";0.168511237412752;9.85059215754731;0.7127;0.1436;0;-23.14033;-0.229253034065714;-0.973366861143148;877;20.1;"\"83\""
"\"266\"";0.0755577641435857;7.01406762639527;0.7496;0.4734;3;40.18425;-0.884634224107206;0.466285630851135;598;14.9;"\"84\""
"\"267\"";0.031475055740092;8.16610635222509;0.7483;0.665;2;40.18608;-0.885838935435144;0.463992866827853;595;14.9;"\"84\""
"\"268\"";0.0441439937499868;8.31035614348712;0.7476;0.5471;1;40.18089;-0.890111141674915;0.455743519390216;598;14.9;"\"84\""
"\"269\"";0.14221454184466;12.7225097388335;0.6919;0.6133;3;39.76372;0.942636115664524;0.33382203858478;354;16;"\"85\""
"\"270\"";0.233396673056353;13.3385900990569;0.6882;0.6993;2;39.75716;0.941623676034493;0.336667273032719;363;15.9;"\"85\""
"\"271\"";0.19559600613851;12.225105894442;0.6882;0.7857;1;39.75359;0.941367536990716;0.33738280972811;359;15.9;"\"85\""
"\"272\"";0.232053400597036;12.6834589822567;0.6882;0.8002;0;39.75214;0.941232508561021;0.33775932974224;358;15.9;"\"85\""
"\"273\"";0.0281580804592822;8.58352441104442;0.7642;0.745;3;39.73394;-0.296923257867953;0.954901345133141;586;15.3;"\"86\""
"\"274\"";0.144593900817159;10.7189250583124;0.7642;0.6175;2;39.73596;-0.295471465376574;0.955351565209489;588;15.3;"\"86\""
"\"275\"";0.212172139335074;12.2659896788296;0.7642;0.5805;1;39.73832;-0.293913850495866;0.955831914348278;610;15.3;"\"86\""
"\"276\"";0.239004301435271;12.879142454264;0.7642;0.9844;0;39.74101;-0.295758057545622;0.955262880780385;597;15.3;"\"86\""
"\"277\"";0.0368862796793027;7.21509091852785;0.7796;0.2938;3;41.40449;0.772161828594994;-0.635425928382557;396;14.8;"\"87\""
"\"278\"";0.0766971354660386;7.33339534208474;0.7821;0.307;2;41.40368;0.761916043530736;-0.647675800544123;398;14.8;"\"87\""
"\"279\"";0.0807563773578852;7.39676806252225;0.7855;0.1688;1;41.39765;0.754634124059508;-0.656145821296562;411;14.7;"\"87\""
"\"280\"";0.0502166167374317;9.83120640066471;0.7335;0.4885;3;41.77501;0.83914879295203;-0.543901924327493;561;13.8;"\"88\""
"\"281\"";0.0746367375214774;8.25139227066753;0.7357;0.3341;2;41.76775;0.835820889538632;-0.549002222774052;562;13.8;"\"88\""
"\"282\"";0.0709292162214323;9.90834223418358;0.7369;0.9266;1;41.77076;0.829709093042547;-0.55819604165787;525;13.9;"\"88\""
"\"283\"";0.052383723857562;10.6826812756217;0.8602;0.4716;3;36.73875;-0.555607690708131;-0.831444582654778;51;17.7;"\"89\""
"\"284\"";0.136795194606818;10.7016197358863;0.8541;0.7148;2;36.74239;-0.556089835085823;-0.83112219036326;79;17.4;"\"89\""
"\"285\"";0.102329617656574;10.0342195998475;0.8541;0.173;1;36.74469;-0.557750966179087;-0.830008349190714;112;17.4;"\"89\""
"\"286\"";0.052537744165215;10.1740622369928;0.8541;0.3949;0;36.7463;-0.558481157470944;-0.829517207024613;125;17.4;"\"89\""
"\"287\"";0.196992574050207;11.7741460780429;0.6187;0.8345;3;37.61938;-0.813310195413821;0.581830324094519;1254;11.9;"\"90\""
"\"288\"";0.237914106328037;12.7241046382396;0.6575;0.9384;2;37.61767;-0.816521038057411;0.577315680030993;1194;12.6;"\"90\""
"\"289\"";0.268886700885509;12.1055685155253;0.6153;0.8581;1;37.61573;-0.820359260622825;0.571848479503419;1146;11.7;"\"90\""
"\"290\"";0.263645785745287;12.2854632116269;0.6301;0.9156;0;37.61469;-0.824591069245186;0.565729236049437;1136;12;"\"90\""
"\"291\"";0.165882860296502;9.74921456808733;0.8036;0.4595;3;37.11645;-0.784868368035726;-0.619662524973825;702;15.4;"\"91\""
"\"292\"";0.258327796073201;10.3203436343902;0.7827;0.1829;2;37.11946;-0.792473349689723;-0.609906542046854;837;14.7;"\"91\""
"\"293\"";0.0794700191521604;10.4981554884816;0.7804;0.103;1;37.1226;-0.800712507983993;-0.59904881233334;871;14.6;"\"91\""
"\"294\"";0;2.80169399158575;0.9367;0.4396;3;32.96496;-0.804827215732685;-0.593509185115087;362;20.2;"\"92\""
"\"295\"";0.047098000512362;6.83164530415774;0.937;0.3146;2;32.96282;-0.799561228072937;-0.600584584020017;364;20.2;"\"92\""
"\"296\"";0.0639787907356234;4.16564921401697;0.9362;0.0947;1;32.96191;-0.795937296379975;-0.605379071517454;367;20.1;"\"92\""
"\"297\"";0.151887152281523;7.15144946294655;0.9362;0.2094;0;32.9631;-0.792742006335418;-0.609557307717081;370;20.1;"\"92\""
"\"298\"";0.0137201928408481;4.12185900318478;0.9428;0.0693;3;32.62329;0.200232981621841;-0.979748311083427;110;20.2;"\"93\""
"\"299\"";0.0392166388736751;4.87545116030037;0.942;0.0763;2;32.65279;0.213802395204271;-0.976876929712703;96;20.2;"\"93\""
"\"300\"";0.066313066804127;8.08091212535163;0.9409;0.2672;0;32.67423;0.241698349693052;-0.970351435179881;99;20.3;"\"93\""
"\"301\"";0.0970637464561005;8.12937439734483;0.8783;0.346;3;38.20255;-0.970005504101873;-0.243082952944199;1454;12.3;"\"94\""
"\"302\"";0.096379674179926;9.22086092646689;0.871;0.6276;2;38.1843;-0.969143844502594;-0.246495859321678;1531;12.1;"\"94\""
"\"303\"";0.107164977960237;8.17209384809451;0.8707;0.247;1;38.16517;-0.975284155851228;-0.220954328641821;1507;11.9;"\"94\""
"\"304\"";0.178195760951443;9.17790013432339;0.9089;0.8271;3;36.97022;0.079596508368792;0.996827164485146;1345;14.1;"\"95\""
"\"305\"";0.110172243649425;8.43329251713565;0.9078;0.5092;2;36.96982;0.0837625384125342;0.996485743580253;1350;14.1;"\"95\""
"\"306\"";0.190195860201286;11.2706967661469;0.9065;0.5455;1;36.97043;0.0952163331401889;0.995456603726821;1381;14;"\"95\""
"\"307\"";0.0912247827848641;9.13323242119933;0.922;0.4738;0;36.97692;-0.0146586774185464;0.999892555816043;1216;15.1;"\"95\""
"\"308\"";0.0785227367673019;8.8479547035771;0.8438;0.3133;3;29.47739;-0.971758972729859;0.23597563204494;1314;18.4;"\"96\""
"\"309\"";0.120296921548973;9.75037644366675;0.8438;0.4735;2;29.47733;-0.971130225950146;0.238549961739713;1304;18.4;"\"96\""
"\"310\"";0.212117982662452;10.7443427721142;0.8438;0.4878;1;29.47818;-0.97069445687403;0.240317022688845;1300;18.4;"\"96\""
"\"311\"";0.0872288985265284;9.05317754801474;0.8446;0.5332;0;29.47967;-0.969674122867083;0.244401504582017;1295;18.4;"\"96\""
"\"312\"";0.146706103065535;11.7043902446786;0.8259;0.6035;3;31.85045;-0.62810011474767;0.778132537460016;1097;18.7;"\"97\""
"\"313\"";0.175981070641684;12.4151996369956;0.8219;0.5153;2;31.84871;-0.627897779060429;0.778295817187129;1099;18.6;"\"97\""
"\"314\"";0.135662433202182;12.0382123039296;0.8219;0.4785;1;31.84646;-0.628037862134822;0.778182782979116;1104;18.6;"\"97\""
"\"315\"";0.176912249402835;10.3665321297395;0.8171;0.2081;0;31.83848;-0.630788688277439;0.775954657658054;941;18.5;"\"97\""
"\"316\"";0.153961823019053;11.8683694351707;0.8512;0.5934;3;31.88319;-0.593643714320576;0.8047279915895;944;19.3;"\"98\""
"\"317\"";0.130948289456601;11.6966122612755;0.8535;0.3553;2;31.88452;-0.596994258922034;0.802245507817982;948;19.3;"\"98\""
"\"318\"";0.136201204123581;11.6131117349242;0.8518;0.2626;1;31.8855;-0.600670264116737;0.799496862911875;1142;19.3;"\"98\""
"\"319\"";0.163056851383295;11.4816706523843;0.8518;0.1553;0;31.88529;-0.601477449439144;0.798889778264925;950;19.3;"\"98\""
"\"320\"";0.210254729709216;12.0907781559944;0.7788;0.4938;3;31.7861;-0.641888982202177;0.766797583803871;1296;17.6;"\"99\""
"\"321\"";0.131942931790705;10.973030762141;0.7788;0.1135;2;31.78614;-0.643551420358219;0.765402880419795;1307;17.6;"\"99\""
"\"322\"";0.248921796733796;13.3623352579639;0.7753;0.3763;0;31.78635;-0.645921073225074;0.763404196454126;1316;17.3;"\"99\""
"\"323\"";0.120988492994975;10.1842179974174;0.8839;0.2283;3;32.57111;0.999999338494687;0.00115022179934171;1327;15.2;"\"100\""
"\"324\"";0.239757959095065;10.4297809903619;0.8842;0.4097;2;32.57397;0.999982887499772;0.00585018868228728;1327;15.2;"\"100\""
"\"325\"";0.189070849636153;10.8139966116131;0.8844;0.27;1;32.5785;0.999972987239502;0.00735015586959276;1326;15.2;"\"100\""
"\"326\"";0.196293311509777;10.5414148103414;0.8842;0.4398;0;32.60116;0.999829807674643;-0.0184487312649494;1319;15.1;"\"100\""
